{
    "result": "Canada",
    "bounds": {
      "minX": -141.006867,
      "maxX": -52.618888,
      "minY": 41.708293,
      "maxY": 83.110626
    }
  }